f (Hz),Re(Z),Im(Z)
118.4326171875,42188.800715646,1989188.727322027
121.124267578125,36133.57811111832,2065685.003233004
123.81591796875,51030.99336142187,2133629.981354248
126.507568359375,40620.42725355888,2184612.285756482
129.19921875,12555.9333419981,2281253.506359458
131.890869140625,41958.47749666292,2383793.711956575
134.58251953125,56690.38788935632,2449797.240465421
137.274169921875,68996.66428527456,2534391.276440922
139.9658203125,72921.68011542025,2599285.799373368
142.657470703125,72988.80671054943,2673259.490968199
145.34912109375,63398.56940201862,2762379.05205784
148.040771484375,47492.53728987286,2854638.199224941
150.732421875,43306.93959357348,2969925.896635049
153.424072265625,58520.26304171021,3062015.737604892
156.11572265625,50203.47440039905,3167040.473131536
158.807373046875,31371.67789609312,3291346.632655248
161.4990234375,25173.10029614313,3452716.851127648
164.190673828125,54464.81790160974,3627902.965765983
166.88232421875,116811.0275924704,3764480.282072803
169.573974609375,158633.266640412,3866882.510473235
172.265625,178402.8597533397,4005163.883681928
174.957275390625,201723.75570878,4150399.640771925
177.64892578125,238609.9825562696,4286946.27854516
180.340576171875,271051.7599883969,4433111.134525561
183.0322265625,285718.3074715061,4551130.3485558
185.723876953125,270062.0902160007,4709252.035328061
188.41552734375,234972.1950893301,4903054.88134325
191.107177734375,218830.9787613945,5152823.290677823
193.798828125,226638.3570535821,5408565.564784305
196.490478515625,251291.2659619639,5657699.512112774
199.18212890625,296700.8192299486,5978735.319758787
201.873779296875,376919.3305000624,6265760.43816316
204.5654296875,437713.6059284345,6565489.062796637
207.257080078125,473186.0496807589,6911146.792213084
209.94873046875,517934.6653621633,7247952.751452769
212.640380859375,517125.9257483625,7678680.760972985
215.33203125,531958.3227026622,8193533.333253362
218.023681640625,635897.5268213062,8816253.70434314
220.71533203125,806235.1814680316,9455499.412210137
223.406982421875,982817.3158671347,10099287.87062973
226.0986328125,1178435.586000083,10856882.99666091
228.790283203125,1385756.913447963,11722614.70668946
231.48193359375,1643095.951757065,12743722.48611031
234.173583984375,1952366.835736478,13927269.95982541
236.865234375,2344562.622789763,15378334.91134034
239.556884765625,2836079.210441037,17250144.95444489
242.24853515625,3629959.622056332,19645303.96024092
244.940185546875,4934141.573025903,22780246.58705546
247.6318359375,6909806.515414062,26927045.78568447
250.323486328125,10652368.84492145,32564132.05232177
253.01513671875,17863624.22274031,40340639.09766677
255.706787109375,34106962.5133942,50366036.90251568
258.3984375,70651908.99960332,50935949.92383222
261.090087890625,106638483.1871188,-2904863.49907544
263.78173828125,66448388.36780395,-51599666.98545789
266.473388671875,32397248.00100028,-48456586.82583863
269.1650390625,17401979.57966338,-39272042.75518171
271.856689453125,10602231.7441257,-31678986.23896091
274.54833984375,7093809.034968484,-26251256.93114747
277.239990234375,5071280.449539643,-22312749.94405124
279.931640625,3811344.124626734,-19385011.12090798
282.623291015625,3018982.881929718,-17052382.42407475
285.31494140625,2417594.898355316,-15258733.95116048
288.006591796875,2003647.18386531,-13825552.02579126
290.6982421875,1667118.812429976,-12576130.54137032
293.389892578125,1434230.417014834,-11542644.61724678
296.08154296875,1222426.634762448,-10655217.95955923
298.773193359375,1016369.594650553,-9894933.82029536
301.46484375,876144.9527071411,-9194293.859548299
304.156494140625,802994.185174523,-8573103.460270239
306.84814453125,735814.3105300799,-8048848.187231739
309.539794921875,675000.8371932694,-7593244.47601275
312.2314453125,614008.8449950757,-7188307.805982925
314.923095703125,561506.0749463231,-6834233.799884185
317.61474609375,469819.0228179339,-6508050.606300752
320.306396484375,381845.9544745059,-6144852.681031648
322.998046875,347761.0867140967,-5768251.132161057
325.689697265625,381363.0743842217,-5445949.779944513
328.38134765625,454368.7891734189,-5214918.196753294
331.072998046875,460125.7179972748,-5069391.43825703
333.7646484375,399893.8557007862,-4879807.074869242
336.456298828125,413705.9462853492,-4663586.925268947
339.14794921875,405629.3293215408,-4521719.424434138
341.839599609375,383575.3700597509,-4365594.503737592
344.53125,353630.1123858763,-4208124.570510861
347.222900390625,372673.2234603547,-4088821.279241542
349.91455078125,330276.2992009344,-3970692.486666311
352.606201171875,269023.0951150427,-3851613.9154409
355.2978515625,234053.9505921933,-3704994.02838093
357.989501953125,201141.2027577106,-3563829.674764128
360.68115234375,196258.5307099654,-3428871.198904852
363.372802734375,187544.1343570718,-3309246.064473289
366.064453125,167819.6905585224,-3198368.531112091
368.756103515625,156231.7725824945,-3078609.889719754
371.44775390625,156490.9482066382,-2969338.308540521
374.139404296875,156306.3761589888,-2869573.14228796
376.8310546875,146385.3616084811,-2764691.290602892
379.522705078125,158700.0713733908,-2677513.622573163
382.21435546875,163827.9611153707,-2593311.632802173
384.906005859375,160993.7531411209,-2518573.189317982
387.59765625,154773.7982695881,-2445060.375362276
390.289306640625,150535.9415375803,-2382825.491867981
392.98095703125,137798.5388251297,-2314605.258084768
395.672607421875,116089.39797811,-2239868.673045807
398.3642578125,105054.8892933917,-2162318.137526664
401.055908203125,100768.4586613647,-2084381.959926617
403.74755859375,91676.0186563669,-2003845.015808652
406.439208984375,94535.53408317738,-1930671.396115104
409.130859375,102096.0105449398,-1868190.797206061
411.822509765625,108857.9029310392,-1810954.645784083
414.51416015625,103024.8106084533,-1755122.136718165
417.205810546875,100379.9504069042,-1697387.326569962
419.8974609375,97236.93383183295,-1641701.123146017
422.589111328125,102308.1682676731,-1584738.959499455
425.28076171875,106387.3559477644,-1530942.160694235
427.972412109375,108581.4155391706,-1487544.212755912
430.6640625,106971.9971977924,-1433513.933809635
433.355712890625,102112.2370053563,-1386003.600587631
436.04736328125,107531.4241093053,-1350089.678664621
438.739013671875,85931.64082221004,-1299439.767753765
441.4306640625,89406.85545014481,-1249416.71770594
444.122314453125,79452.53055837358,-1202790.316748048
446.81396484375,72383.24169300508,-1147038.079609243
449.505615234375,73043.32392983855,-1094744.323475039
452.197265625,80654.56898162978,-1048273.622561158
454.888916015625,79265.87908643288,-1005789.697622898
457.58056640625,78920.63952163429,-963383.8833214176
460.272216796875,81282.02785605658,-917449.1980345974
462.9638671875,80981.90270113594,-873996.8053233335
465.655517578125,81938.40238048426,-834005.6187871979
468.34716796875,80192.15940539639,-791136.2992815635
471.038818359375,81512.11027926349,-752313.9988406864
473.73046875,81109.79882660921,-713331.6189109598
476.422119140625,78798.52807890445,-674872.7814962348
479.11376953125,77090.60561702836,-634553.1815222129
481.805419921875,77003.6829150444,-596781.1308725848
484.4970703125,75187.64102833271,-557092.5705776034
487.188720703125,73231.33850585057,-517419.9581078105
489.88037109375,70657.16992811093,-476605.0403768288
492.572021484375,72306.56670745317,-438369.4812308181
495.263671875,72112.8003061677,-399884.7616853472
497.955322265625,71753.87016967658,-360253.7800295753
500.64697265625,72301.94782771736,-323748.1677260611
503.338623046875,71916.26956100945,-285805.2851916876
506.0302734375,72611.67924745266,-248637.749102673
508.721923828125,70904.16611791175,-210851.7040851039
511.41357421875,70392.56521750704,-174218.2627236517
514.105224609375,70302.16505699865,-137258.3129373192
516.796875,70112.98309194591,-98671.12417558731
519.488525390625,70548.43004001926,-62540.15739392859
522.18017578125,69548.98137239764,-24662.3621329335
524.871826171875,69053.91740538142,13156.43637282838
527.5634765625,69615.45957442457,50810.4082261754
530.255126953125,70988.33471915717,88967.27314048383
532.94677734375,73003.5154943323,126040.151246954
535.638427734375,74418.14226258387,161868.9944209871
538.330078125,74521.18523147519,199114.7733515945
541.021728515625,74542.36050219899,235963.1231796732
543.71337890625,74411.99590082465,272855.9657465704
546.405029296875,73887.79467512167,310630.9354198909
549.0966796875,74927.51492750518,348994.0766683283
551.788330078125,74748.63776793166,385188.3042036946
554.47998046875,74488.12854514262,423588.2254309163
557.171630859375,74111.55897378096,462770.7501030801
559.86328125,75622.79280646895,502928.9532442866
562.554931640625,74916.95157261549,542296.6577805128
565.24658203125,76745.39845206794,583267.0722335029
567.938232421875,77037.35209753524,624335.8596642824
570.6298828125,79968.30248108941,668722.7207929768
573.321533203125,83690.27502109388,705846.2457727883
576.01318359375,89140.64025686226,746339.4531448012
578.704833984375,93807.77840968847,782973.098574681
581.396484375,92682.13123910848,823178.2158482078
584.088134765625,89150.11922815986,861460.7654130968
586.77978515625,88598.74073623909,906119.3549826441
589.471435546875,97499.33202580201,946082.2491606422
592.1630859375,94558.9084277012,992998.9512125198
594.854736328125,92664.85786329546,1027855.720088899
597.54638671875,91104.60811050996,1079520.949948141
600.238037109375,91564.89391825369,1120226.808595039
602.9296875,93535.2250370887,1173203.316987518
605.621337890625,93459.43173062513,1222217.203717167
608.31298828125,96242.98564603466,1274776.530288988
611.004638671875,101066.5624128512,1327518.280478296
613.6962890625,103841.6093007456,1378042.181980837
616.387939453125,115368.932989767,1434413.479183699
619.07958984375,125344.1752140731,1476184.381963149
621.771240234375,132906.8871008797,1526106.610734263
624.462890625,133885.2820380773,1574665.977381844
627.154541015625,132447.3257505572,1618523.877289737
629.84619140625,132630.0864422948,1681487.117157908
632.537841796875,139639.1083283806,1740351.780867467
635.2294921875,148148.8119253861,1793673.211865783
637.921142578125,152847.3050821915,1846239.617031894
640.61279296875,147966.7561590657,1893783.9217175
643.304443359375,139045.5759398165,1962636.727513684
645.99609375,136618.089169106,2031499.803054039
648.687744140625,136587.22768231,2103209.747518791
651.37939453125,142380.8573525368,2185448.717007186
654.071044921875,145731.8835061621,2262557.956926888
656.7626953125,157335.9460636654,2340152.706381215
659.454345703125,176486.5521463692,2414547.281536758
662.14599609375,185102.8570879131,2494943.836267352
664.837646484375,204404.4646689629,2571421.38150718
667.529296875,205398.0566257592,2646418.012037862
670.220947265625,215518.5515903532,2718700.116607268
672.91259765625,219981.5027039124,2807856.957507204
675.604248046875,214924.2981097353,2897541.111582865
678.2958984375,217200.4559584704,2997149.735332477
680.987548828125,225321.3515727127,3091787.263321348
683.67919921875,233402.3872726306,3199795.580271748
686.370849609375,219233.0056345278,3318547.614313233
689.0625,229594.9204710084,3433030.119713842
691.754150390625,225115.5871809704,3566781.665349959
694.44580078125,229748.6933458089,3718502.167110405
697.137451171875,242707.6012589344,3877529.393609547
699.8291015625,267934.5316231661,4041241.951847851
702.520751953125,302043.1272391693,4209816.913388087
705.21240234375,334611.0015851327,4386120.346605945
707.904052734375,380644.5265274904,4567016.130807368
710.595703125,438313.7034641976,4735427.669110705
713.287353515625,473490.2208837335,4910260.818646177
715.97900390625,517155.7906383135,5101692.541440108
718.670654296875,548543.7226043516,5330994.908105061
721.3623046875,577169.8716784413,5559357.000475596
724.053955078125,615096.7301387596,5818614.961355286
726.74560546875,678753.0084754998,6111942.504673854
729.437255859375,716930.7315082013,6415624.932855397
732.12890625,768372.6419462127,6752446.052512712
734.820556640625,839387.3223826753,7128661.297882467
737.51220703125,940805.4771948913,7563219.615398199
740.203857421875,1061691.593640106,8042135.753943631
742.8955078125,1208617.721736159,8574213.155604016
745.587158203125,1399395.739545063,9162287.869209541
748.27880859375,1609134.149336704,9809754.57482223
750.970458984375,1892200.300019803,10523807.23081743
753.662109375,2225250.260331537,11340744.66731476
756.353759765625,2662605.533826336,12305201.65691625
759.04541015625,3163782.845130657,13428068.09311674
761.737060546875,3826236.201972848,14744250.84312943
764.4287109375,4800410.03476058,16346144.55892083
767.120361328125,6125620.73072629,18226429.1710569
769.81201171875,8058766.97845291,20546089.13534251
772.503662109375,10913324.00981169,23365506.67288518
775.1953125,15585274.02612926,26453738.28435326
777.886962890625,23199064.81478763,29404643.74446761
780.57861328125,35333753.17755787,29612272.9359124
783.270263671875,50824756.94034408,21062907.58707773
785.9619140625,59385998.63395244,379220.9883976491
788.653564453125,50997947.22151231,-20657952.43262193
791.34521484375,35551362.39630594,-28952522.92428025
794.036865234375,23505332.43864536,-28782442.45684181
796.728515625,15922169.0438708,-26180582.11182958
799.420166015625,11301766.21359495,-23080321.73060728
802.11181640625,8386482.493825219,-20325190.233753
804.803466796875,6475818.03922845,-18030301.07195393
807.4951171875,5132632.458702174,-16187563.30747261
810.186767578125,4149928.083507504,-14608433.0998588
812.87841796875,3421378.416889732,-13295750.09140024
815.570068359375,2872390.547943733,-12168485.2232483
818.26171875,2503806.980594456,-11183419.55546582
820.953369140625,2209735.894786858,-10365622.83861053
823.64501953125,1946790.761435753,-9666687.39155909
826.336669921875,1739856.530635235,-9055157.123632904
829.0283203125,1549130.627147789,-8537073.433167519
831.719970703125,1391364.233968,-8066238.658238524
834.41162109375,1257762.023576373,-7624310.785440412
837.103271484375,1113715.83516319,-7235464.928593156
839.794921875,998898.4645489022,-6852038.181712545
842.486572265625,898676.2275940888,-6496281.750262113
845.17822265625,826543.2296898647,-6174001.338744829
847.869873046875,764373.4924808828,-5878487.459959375
850.5615234375,720371.3890460504,-5614369.437031337
853.253173828125,676606.08697395,-5369235.011671812
855.94482421875,635064.0313667053,-5141971.329811295
858.636474609375,591784.9409414217,-4936275.955609452
861.328125,564947.7337764844,-4735312.127073112
864.019775390625,536852.9543728747,-4556203.067715054
866.71142578125,505182.4818998595,-4396120.016778708
869.403076171875,477295.5320674232,-4240194.967410452
872.0947265625,447505.7916952344,-4088236.568067471
874.786376953125,421934.4447789948,-3954343.067814243
877.47802734375,388010.6534164399,-3817376.631955272
880.169677734375,361099.2669201409,-3681183.286603073
882.861328125,336785.1075981314,-3549847.853180203
885.552978515625,312399.4099470461,-3425721.226198525
888.24462890625,298920.8603731906,-3302797.94725048
890.936279296875,288814.3583471652,-3190800.440316779
893.6279296875,273026.430447231,-3080032.431402382
896.319580078125,270151.0521597342,-2976505.58986979
899.01123046875,254610.321151306,-2875911.545337173
901.702880859375,246635.795071819,-2780530.35544514
904.39453125,245755.5199914851,-2683093.012138964
907.086181640625,243839.758015334,-2600038.640134707
909.77783203125,235705.6736544855,-2524716.859762378
912.469482421875,232149.5221118879,-2436924.818892228
915.1611328125,229667.5906402867,-2365696.662983418
917.852783203125,218570.928061644,-2300005.073843319
920.54443359375,213114.8933568393,-2234637.632576261
923.236083984375,203694.8159995156,-2161823.848217009
925.927734375,192169.7810997209,-2095730.762614729
928.619384765625,180754.8664422314,-2028468.334442978
931.31103515625,169247.9018832171,-1954859.801408644
934.002685546875,169072.3762697156,-1894588.915287161
936.6943359375,166763.8228741137,-1822309.498199644
939.385986328125,165362.0285699154,-1766992.747614569
942.07763671875,160248.0682833372,-1706521.359532243
944.769287109375,158158.4210507372,-1646710.565306189
947.4609375,158104.0046993289,-1590590.909142833
950.152587890625,162193.2711266092,-1536812.373707375
952.84423828125,159342.0569729616,-1485552.869423602
955.535888671875,156261.3820886429,-1435244.342589476
958.2275390625,158883.0324131181,-1386522.143608757
960.919189453125,153651.0490805704,-1342037.921767001
963.61083984375,153056.7092057393,-1294506.3694122
966.302490234375,147034.5475023802,-1249475.833210011
968.994140625,141600.8554173256,-1205906.965165343
971.685791015625,135512.8616987363,-1155200.735758139
974.37744140625,132784.3261689583,-1108957.764464227
977.069091796875,129876.3852386008,-1063568.807623564
979.7607421875,128084.9526225366,-1016867.163605648
982.452392578125,126678.7464977474,-974724.1591404954
985.14404296875,125927.0519890544,-929431.6276690016
987.835693359375,123595.8042939579,-886686.6710456163
990.52734375,121417.7888452128,-844333.3392800863
993.218994140625,121037.8329047164,-801673.1824479924
995.91064453125,119931.6088940118,-760182.1263630162
998.602294921875,117786.2521341223,-721280.7292290622
1001.2939453125,118604.8202005042,-680344.5196597578
1003.985595703125,117995.9237421577,-639509.46729242
1006.67724609375,117133.8390294146,-599468.0296676143
1009.368896484375,115036.496091971,-560546.3683153271
1012.060546875,115956.3900150317,-521934.9619051687
1014.752197265625,115015.3015966333,-484587.856984865
1017.44384765625,113753.2434226686,-447007.415450074
1020.135498046875,112266.8927969941,-407911.2181086584
1022.8271484375,110571.8377459632,-369629.3045793047
1025.518798828125,111600.2973824261,-331500.0254690812
1028.21044921875,111744.2381944372,-293371.5820404917
1030.902099609375,110803.2189760487,-255217.4431330191
1033.59375,112762.5520666564,-217979.5020421789
1036.285400390625,112814.2220137368,-181073.1396741828
1038.97705078125,112129.3895689493,-144970.5283065174
1041.668701171875,111851.6736801322,-107899.3787639406
1044.3603515625,111509.219903481,-73202.10798662041
1047.052001953125,110177.8505447264,-36466.97158230268
1049.74365234375,107747.7913202638,2576.919068065576
1052.435302734375,109752.805519569,40165.67020963037
1055.126953125,109782.4564516858,78329.32032046978
1057.818603515625,111343.1186012707,115509.4192233879
1060.51025390625,111805.9912508451,151318.3896906579
1063.201904296875,113336.2140524763,187218.6759402034
1065.8935546875,113322.7489224567,223114.7539948252
1068.585205078125,113383.2589075888,258664.1721463439
1071.27685546875,114785.1602176036,295272.8853666764
1073.968505859375,115432.1777014186,332433.5466155187
1076.66015625,112974.1842373687,369854.5998294269
1079.351806640625,112473.3471539905,408413.1930394424
1082.04345703125,110017.3390710693,446283.9936045741
1084.735107421875,108914.2523575629,485427.7240254809
1087.4267578125,108389.6385993668,526351.9013607482
1090.118408203125,109684.3614253048,567257.0717758792
1092.81005859375,112237.7428991153,609205.5264278933
1095.501708984375,112304.1854274199,651553.1555399054
1098.193359375,117388.8617353674,692669.6308628819
1100.885009765625,120951.1603404681,733381.3174679525
1103.57666015625,128016.6139489778,771799.3258982023
1106.268310546875,130439.7162821805,815239.5728769841
1108.9599609375,131849.4759270746,854922.5890686761
1111.651611328125,139207.6586217018,892904.5870026196
1114.34326171875,139175.8295750975,930503.5401094605
1117.034912109375,139224.3855913658,971520.0198071316
1119.7265625,137251.3677625161,1011248.816396326
1122.418212890625,140480.8899262195,1052413.205659866
1125.10986328125,135126.1611253596,1098358.630375764
1127.801513671875,135019.4453562278,1144083.912725823
1130.4931640625,135738.9215381622,1194982.69957306
1133.184814453125,132889.141496424,1246701.749219353
1135.87646484375,135080.6519206443,1295305.331297285
1138.568115234375,141014.765043325,1352559.559355219
1141.259765625,148272.9509885526,1403726.341205544
1143.951416015625,155723.0964752664,1460584.956497555
1146.64306640625,164418.2653794347,1509820.539527726
1149.334716796875,172013.4204334672,1553505.507198808
1152.0263671875,180230.953108024,1608934.35858443
1154.718017578125,178764.8301427471,1663820.041827264
1157.40966796875,189372.5306359019,1712125.968820799
1160.101318359375,180502.3341041243,1768508.716539223
1162.79296875,194727.4980967988,1834246.554648593
1165.484619140625,190365.3063334808,1888108.183698798
1168.17626953125,195735.791565802,1947029.203991338
1170.867919921875,206180.8627456336,2018322.68479552
1173.5595703125,195419.2202530755,2082730.943938654
1176.251220703125,195804.9703369081,2155579.591891854
1178.94287109375,207193.2223735022,2223621.874343575
1181.634521484375,227184.2266719587,2298527.186597869
1184.326171875,236760.9124327023,2374790.09360162
1187.017822265625,249110.1360560311,2467094.659441421
1189.70947265625,256201.4279340677,2546124.032634615
1192.401123046875,281377.0138931132,2615761.251934718
1195.0927734375,291480.774651322,2691662.689963897
1197.784423828125,291630.7564346367,2780531.830559306
1200.47607421875,319121.8586423628,2868364.989491177
1203.167724609375,321453.7922313096,2962407.346383282
1205.859375,339485.4287194224,3053459.158023009
1208.551025390625,347235.96971762,3161179.230153171
1211.24267578125,357658.7201578234,3258893.251271322
1213.934326171875,357548.7747236542,3374785.959638282
1216.6259765625,377767.4816949786,3496378.42342232
1219.317626953125,387806.3272784387,3644480.629921082
1222.00927734375,412047.145880426,3783857.879850329
1224.700927734375,431972.00342031,3928787.649292022
1227.392578125,472701.6029044995,4085107.690491651
1230.084228515625,515131.6016539727,4245265.588693183
1232.77587890625,562369.4471942227,4409724.893732942
1235.467529296875,616083.1446782504,4575840.614138714
1238.1591796875,664416.024925448,4759288.815493509
1240.850830078125,708847.5856409473,4953790.347426046
1243.54248046875,762304.4250849675,5160160.965087717
1246.234130859375,819391.3484540748,5382383.875728134
1248.92578125,892478.5045392312,5604032.621429417
1251.617431640625,971516.0541957783,5863676.822039853
1254.30908203125,1048081.897994392,6122299.069151481
1257.000732421875,1134199.220934781,6421042.914781735
1259.6923828125,1227541.266510524,6743740.358155549
1262.384033203125,1329346.339667766,7122283.837420433
1265.07568359375,1490505.898880797,7528024.11224064
1267.767333984375,1669756.499067778,7978293.66605828
1270.458984375,1888532.09640859,8490585.251712747
1273.150634765625,2142737.390217638,9015665.785058476
1275.84228515625,2459216.143588525,9587227.137405625
1278.533935546875,2853331.275475242,10246485.20997323
1281.2255859375,3297088.84894837,10961922.50173993
1283.917236328125,3818372.293870954,11800310.04392641
1286.60888671875,4545380.892118011,12792617.54073539
1289.300537109375,5403830.965293095,13847070.05765909
1291.9921875,6659091.143435613,15149839.5265918
1294.683837890625,8305002.943057333,16580460.92793579
1297.37548828125,10579209.4956855,18165032.06326481
1300.067138671875,13694281.92051738,19708932.76661988
1302.7587890625,18364624.5437758,20838523.0260764
1305.450439453125,24753111.22916677,20784318.64557089
1308.14208984375,32431648.11008402,17705971.90083564
1310.833740234375,39625595.15150583,9980373.756537888
1313.525390625,41716280.37457312,-2000504.125488359
1316.217041015625,37255003.74834143,-12810434.94288634
1318.90869140625,29768034.20437785,-18669849.45837179
1321.600341796875,22483624.9090205,-20646459.42842193
1324.2919921875,16773494.76417082,-20121701.52264065
1326.983642578125,12863100.04867581,-18861853.6985758
1329.67529296875,10036459.49032222,-17356765.46844248
1332.366943359375,8037696.512168691,-15922439.27821813
1335.05859375,6525336.255980412,-14593942.71582287
1337.750244140625,5404057.300630926,-13429227.63376626
1340.44189453125,4475481.575728608,-12389488.89012082
1343.133544921875,3827067.011585853,-11452370.50465368
1345.8251953125,3315744.993507301,-10634156.83323018
1348.516845703125,2920018.937315009,-9964723.284863004
1351.20849609375,2579452.917518973,-9340701.990805937
1353.900146484375,2276455.582301757,-8822488.840105325
1356.591796875,2020102.99773319,-8315842.727242364
1359.283447265625,1811644.349237567,-7877484.677518159
1361.97509765625,1596249.855670994,-7462542.495852415
1364.666748046875,1428733.864112532,-7074764.039735476
1367.3583984375,1289426.797433443,-6719616.781862623
1370.050048828125,1169283.352392914,-6370532.317552472
1372.74169921875,1077595.89428646,-6071251.075531921
1375.433349609375,998216.1819019127,-5797767.318020978
1378.125,917723.4992905234,-5539159.967262807
1380.816650390625,860378.467318034,-5307510.954322319
1383.50830078125,803768.5705840916,-5085569.876161973
1386.199951171875,746383.7713788457,-4875870.900302426
1388.8916015625,701659.0991887682,-4694241.190596383
1391.583251953125,673986.9665088627,-4504913.274134314
1394.27490234375,628295.9725064024,-4340809.530619264
1396.966552734375,593848.0966233779,-4182333.113780443
1399.658203125,558074.1626309877,-4040117.200501996
1402.349853515625,519816.7032134125,-3895685.104840793
1405.04150390625,491342.3587834692,-3761808.072236107
1407.733154296875,465062.6844002394,-3625545.943155665
1410.4248046875,438979.5736763855,-3501108.390467094
1413.116455078125,419064.7107647157,-3364670.279854239
1415.80810546875,405462.6163524643,-3254515.215280935
1418.499755859375,394266.2975682321,-3149200.506995465
1421.19140625,381821.5682198697,-3050971.850202886
1423.883056640625,362965.1904874581,-2955440.732723026
1426.57470703125,349280.7943669103,-2859019.735008023
1429.266357421875,338722.5432308294,-2768492.193865389
1431.9580078125,320425.9230307625,-2678540.313359376
1434.649658203125,316302.6772747071,-2593225.297082236
1437.34130859375,307450.535398656,-2511758.081642004
1440.032958984375,300254.1986030666,-2428193.775241433
1442.724609375,294235.7950431014,-2366401.625462837
1445.416259765625,288374.8239526214,-2291199.48448313
1448.10791015625,271712.786777268,-2215833.136323481
1450.799560546875,262849.9154949721,-2149786.826969211
1453.4912109375,254046.4201876415,-2081300.790040486
1456.182861328125,246560.5084491372,-2016437.968716585
1458.87451171875,236933.7583395958,-1959392.491093635
1461.566162109375,233299.4236622633,-1888902.259060994
1464.2578125,233923.7973015969,-1831838.452353329
1466.949462890625,225595.7845925428,-1773128.84804591
1469.64111328125,213384.2177723027,-1711201.69708958
1472.332763671875,211756.4928039377,-1659524.860182767
1475.0244140625,213046.1401679285,-1600580.140587049
1477.716064453125,210457.3300051799,-1545426.10062443
1480.40771484375,205687.1578396838,-1496858.63866901
1483.099365234375,203056.4603550157,-1445138.985925776
1485.791015625,202470.7120918357,-1397292.915355335
1488.482666015625,195000.7047952799,-1350447.180798042
1491.17431640625,189930.7611547815,-1299072.331956195
1493.865966796875,185774.5016523198,-1253241.725546543
1496.5576171875,184741.8227684868,-1204554.213442827
1499.249267578125,179383.7617337948,-1158273.712941888
1501.94091796875,176775.8248433666,-1112425.280212913
1504.632568359375,172907.4096368676,-1067398.411367219
1507.32421875,174812.3024992813,-1025395.839166101
1510.015869140625,170200.0290346649,-981350.7304877782
1512.70751953125,168357.1050496793,-938366.0634350305
1515.399169921875,164171.3076220181,-895779.445243538
1518.0908203125,161832.434260138,-853524.1482147947
1520.782470703125,160048.1076021643,-810474.679877802
1523.47412109375,158688.8561893415,-768981.570597333
1526.165771484375,156866.5166964315,-726425.2746356134
1528.857421875,155855.7299213857,-687450.5781873838
1531.549072265625,153663.3003559863,-646740.4411688873
1534.24072265625,152981.1663658775,-607424.48297196
1536.932373046875,151219.4216156983,-568202.7282208096
1539.6240234375,151983.4282219585,-529240.2036902097
1542.315673828125,150706.6917767946,-488515.6989873208
1545.00732421875,150559.6619205005,-450307.6219524987
1547.698974609375,149994.402891267,-412229.4954858958
1550.390625,148661.295366848,-373441.2405014627
1553.082275390625,149022.4585448495,-335131.528213311
1555.77392578125,149096.2235805376,-298587.3573415857
1558.465576171875,149431.9019285201,-261219.3118724043
1561.1572265625,148632.9407333273,-224397.6672282301
1563.848876953125,149028.9791973539,-187887.510424558
1566.54052734375,148872.0622919806,-150952.8038525044
1569.232177734375,148636.3444042537,-114527.8576348107
1571.923828125,147851.1710580392,-78583.3839637676
1574.615478515625,146909.0538609448,-41310.10862520276
1577.30712890625,146159.4944900304,-4124.508668628714
1579.998779296875,146584.1817388072,32902.38836171828
1582.6904296875,146333.8362433235,70839.79975490227
1585.382080078125,146646.0297009392,107542.248459944
1588.07373046875,146843.8942927928,144518.9782167992
1590.765380859375,146904.6324556778,182605.5247961714
1593.45703125,147417.3453185195,219107.9749158387
1596.148681640625,147871.2411012716,256655.1213866026
1598.84033203125,148297.9409635055,294041.3020950481
1601.531982421875,148864.9986830001,332141.6659565042
1604.2236328125,149379.404106286,370485.415366594
1606.915283203125,150276.1540526604,408978.3688441755
1609.60693359375,151094.0121682399,447890.463441669
1612.298583984375,152716.5996855661,486391.8036553475
1614.990234375,153705.3039732622,525738.3058291191
1617.681884765625,156694.08890667,564236.0272087761
1620.37353515625,156993.0679632986,604503.0815462533
1623.065185546875,157465.9460938353,643150.5587989975
1625.7568359375,159734.2321927532,683691.9682139473
1628.448486328125,161724.2608714605,722976.711213497
1631.14013671875,164087.0686244832,766958.1224477574
1633.831787109375,165210.3079166737,809285.0823335171
1636.5234375,169616.0735809706,851521.8371683247
1639.215087890625,170224.1657262824,895957.8545828103
1641.90673828125,174952.5947379452,938516.4976951577
1644.598388671875,182732.2539674326,981090.0037673495
1647.2900390625,184592.7973478286,1022082.810541381
1649.981689453125,189181.3965502284,1064197.981114769
1652.67333984375,192789.3416351551,1107564.364809584
1655.364990234375,191704.9783035847,1151824.456197475
1658.056640625,195032.3871137085,1197047.443144382
1660.748291015625,200368.102685003,1244119.758878415
1663.43994140625,200597.7653799332,1292241.618213923
1666.131591796875,204972.0276314048,1337820.42671739
1668.8232421875,208441.1767180413,1390650.839573176
1671.514892578125,215100.8230591293,1441152.537109254
1674.20654296875,221542.56152324,1494304.61134008
1676.898193359375,227534.5906358517,1543683.613044536
1679.58984375,231513.666203746,1592598.949430217
1682.281494140625,233626.141117013,1653646.084832624
1684.97314453125,236944.992200644,1709748.250417625
1687.664794921875,245578.2424579936,1765117.126849444
1690.3564453125,255506.4446252247,1824420.451591026
1693.048095703125,262901.8602440267,1876366.090454477
1695.73974609375,262325.9713612939,1937256.687720018
1698.431396484375,270143.7145654182,2005912.286874206
1701.123046875,272675.4894433952,2063128.767074136
1703.814697265625,278243.0399492779,2136597.68576773
1706.50634765625,283901.9339774291,2205045.869565845
1709.197998046875,280514.2606978115,2272484.02149489
1711.8896484375,300563.7300583146,2346239.314562937
1714.581298828125,312302.0858078919,2433444.321827054
1717.27294921875,316159.7225904065,2513612.526000658
1719.964599609375,331792.4420383448,2596893.092775257
1722.65625,329583.5171127307,2693272.807956889
1725.347900390625,345708.3379765006,2773059.750065279
1728.03955078125,368084.2127334715,2860850.273709201
1730.731201171875,384148.0732857571,2965055.891403761
1733.4228515625,413205.2460764584,3083696.604893912
1736.114501953125,431576.8677693343,3189646.44017341
1738.80615234375,459765.0429626667,3293679.520260141
1741.497802734375,473293.247053707,3400481.110089533
1744.189453125,523311.6967285189,3521837.908879442
1746.881103515625,549438.7501210291,3660065.752808642
1749.57275390625,574441.2832396639,3790267.712024197
1752.264404296875,596134.6152834928,3921073.397587974
1754.9560546875,630961.4717281382,4089978.040790386
1757.647705078125,685292.0261036924,4231876.774914484
1760.33935546875,747775.1634724276,4392726.248432813
1763.031005859375,793449.8294634952,4540557.092607055
1765.72265625,843898.6815243696,4737214.137166314
1768.414306640625,900770.5464268539,4931440.657420034
1771.10595703125,958717.0421133204,5151733.020475104
1773.797607421875,1055213.262611319,5359752.194171895
1776.4892578125,1165023.842770802,5605858.064798453
1779.180908203125,1264189.446264744,5852465.738855244
1781.87255859375,1390536.813503437,6087857.060952661
1784.564208984375,1497763.436542197,6368588.418472801
1787.255859375,1633338.989979963,6675536.671204465
1789.947509765625,1788958.632440428,7010218.180857032
1792.63916015625,1954282.612724418,7389563.241927185
1795.330810546875,2186112.984771078,7812090.637780488
1798.0224609375,2424253.539196957,8245753.045765329
1800.714111328125,2726225.944671375,8741944.605252035
1803.40576171875,3105147.365851679,9297478.865861928
1806.097412109375,3546600.023289718,9925158.871438632
1808.7890625,4095932.898775108,10601464.57977313
1811.480712890625,4782993.348367041,11357292.50203759
1814.17236328125,5713133.90969318,12180312.99149155
1816.864013671875,6784282.17302173,13043154.2455033
1819.5556640625,8274252.511422555,13916282.25507259
1822.247314453125,10041572.75671515,14701297.17305102
1824.93896484375,12327837.46932872,15447577.96704715
1827.630615234375,15395958.867798,15958020.05539738
1830.322265625,19277505.17125593,15761667.69222243
1833.013916015625,23737781.56798984,14153261.44024199
1835.70556640625,28393868.14920513,10320194.44241537
1838.397216796875,31668416.66087964,4342863.963874758
1841.0888671875,31902958.73605555,-2955454.103128289
1843.780517578125,29206521.09468392,-9168438.124236222
1846.47216796875,24620904.3721143,-13425637.59073701
1849.163818359375,20052434.36795824,-15300204.93301865
1851.85546875,16077689.28154892,-15756773.39571501
1854.547119140625,12907297.96581149,-15411002.33610326
1857.23876953125,10496885.88168674,-14663461.88161856
1859.930419921875,8592088.180736147,-13847858.63837846
1862.6220703125,7204505.610012249,-12945800.74939505
1865.313720703125,6030552.745496982,-12153981.63179552
1868.00537109375,5160226.435088944,-11373606.42944551
1870.697021484375,4423877.624424718,-10656286.49316073
1873.388671875,3819675.63653841,-9984268.514705822
1876.080322265625,3351081.940247773,-9379083.772437137
1878.77197265625,2944613.77616317,-8823967.092398725
1881.463623046875,2606792.828128492,-8319189.795591641
1884.1552734375,2354857.680263526,-7873243.163444078
1886.846923828125,2113200.668917855,-7446029.901809501
1889.53857421875,1883166.679667344,-7091824.733709962
1892.230224609375,1728968.461114059,-6750122.408491457
1894.921875,1572416.402396161,-6403506.325892198
1897.613525390625,1439302.407269591,-6099486.506965185
1900.30517578125,1317276.204809248,-5843202.961689129
1902.996826171875,1220586.464402603,-5572804.258821013
1905.6884765625,1141729.532149181,-5335844.15680888
1908.380126953125,1063687.242091613,-5132115.804902879
1911.07177734375,994821.5650838952,-4925129.170464779
1913.763427734375,921429.1963474002,-4722936.455172954
1916.455078125,878397.8297104508,-4551932.21921539
1919.146728515625,816731.497871994,-4363737.332357591
1921.83837890625,776166.6097423977,-4205507.28760301
1924.530029296875,735198.0248153994,-4065309.025530704
1927.2216796875,692804.5048917724,-3919362.614228421
1929.913330078125,661020.6942498246,-3779590.930435641
1932.60498046875,624148.5102926895,-3653058.836881354
1935.296630859375,598429.8013092191,-3526975.358721198
1937.98828125,574456.7676522803,-3407694.321174196
1940.679931640625,542283.0743531312,-3300982.13379501
1943.37158203125,519733.1521547044,-3200304.223443196
1946.063232421875,506309.9058151066,-3092894.15361765
1948.7548828125,482687.8684685312,-2986447.104828112
1951.446533203125,446289.1212187471,-2895003.723969276
1954.13818359375,436863.303883424,-2810875.778983025
1956.829833984375,414787.0961493534,-2711395.947727
1959.521484375,403276.695915111,-2627185.512088303
1962.213134765625,391011.6519421785,-2539840.107520564
1964.90478515625,375201.271538791,-2462503.883050564
1967.596435546875,372048.5745912779,-2383107.239437741
1970.2880859375,350067.743697831,-2308908.783189253
1972.979736328125,335367.3496956103,-2240524.393050849
1975.67138671875,336533.5389119711,-2168185.128249457
1978.363037109375,323089.2073303757,-2099561.868429914
1981.0546875,320910.7101189239,-2033338.377742235
1983.746337890625,307791.4534639441,-1968156.194937561
1986.43798828125,301767.3268321318,-1911701.44495275
1989.129638671875,296288.8788715636,-1840773.430095897
1991.8212890625,297098.2470604823,-1779702.584455315
1994.512939453125,290857.4038336844,-1734998.401787834
1997.20458984375,284968.6598647982,-1679101.862930928
1999.896240234375,275269.9478561959,-1622550.874548631
2002.587890625,265759.4479795318,-1569426.180654021
2005.279541015625,260767.3386780696,-1518950.540750145
2007.97119140625,257758.3924534796,-1469296.398971663
2010.662841796875,252797.7098408065,-1416039.960529128
2013.3544921875,247625.5516352832,-1370639.603603408
2016.046142578125,246530.092735913,-1326452.310508053
2018.73779296875,240274.4896330074,-1277116.991623874
2021.429443359375,238362.0474425922,-1227696.945217891
2024.12109375,229714.3900336531,-1188577.648261575
2026.812744140625,225650.9416462928,-1138760.536209692
2029.50439453125,220084.3823081108,-1095378.537645304
2032.196044921875,217734.0306832139,-1050059.333357412
2034.8876953125,212592.6103167445,-1005755.652945877
2037.579345703125,211861.7886751087,-962879.6810848742
2040.27099609375,207132.3658759578,-919744.8948205056
2042.962646484375,204455.3164146173,-875619.1005744297
2045.654296875,202797.4703755336,-835758.9090206904
2048.345947265625,199127.4555737615,-796569.521544322
2051.03759765625,196471.5630487518,-753246.7276085947
2053.729248046875,194541.2675139441,-714639.539365533
2056.4208984375,192815.8900633752,-673620.426609968
2059.112548828125,191834.272728916,-635798.3381929473
2061.80419921875,191565.0581959919,-594820.2703467453
2064.495849609375,189081.4103971001,-557642.7206393756
2067.1875,188081.316264083,-520524.9419320454
2069.879150390625,185497.3013931416,-482850.6463134747
2072.57080078125,182710.7245375963,-446080.1788040596
2075.262451171875,182922.66572537,-407299.0486540408
2077.9541015625,179590.5498335658,-369528.0682411433
2080.645751953125,177844.6590520053,-330823.3146897294
2083.33740234375,178261.1171766435,-293302.5008330629
2086.029052734375,176418.054811313,-255719.4593020157
2088.720703125,177921.5418102603,-218065.2449930882
2091.412353515625,176303.6720351865,-181018.2984155183
2094.10400390625,174843.1369324407,-144802.6226111626
2096.795654296875,173551.042506975,-109168.3873877584
2099.4873046875,171735.6401347736,-71108.6574390044
2102.178955078125,171052.3840073881,-32696.20578964911
2104.87060546875,170704.311560385,5752.327561619327
2107.562255859375,171863.8509155888,45068.84004738237
2110.25390625,172919.3787247702,83325.80794225584
2112.945556640625,174680.8400840648,120822.1326452202
2115.63720703125,177351.1855716965,156822.7416392962
2118.328857421875,177378.2737409502,191397.0024960631
2121.0205078125,176937.9380009145,228615.8890063284
2123.712158203125,177770.761760068,264982.6949721348
2126.40380859375,177965.1950325961,304567.6419860047
2129.095458984375,180905.5851024752,343801.0580065566
2131.787109375,181122.9433062855,380978.2336393361
2134.478759765625,182637.9888231142,422597.0226292928
2137.17041015625,184870.1770914624,459175.3244970977
2139.862060546875,186223.7273666376,496941.6503017612
2142.5537109375,186833.6301130639,536509.1643946766
2145.245361328125,190038.827219246,575979.441044751
2147.93701171875,192589.3994097222,613520.5078057179
2150.628662109375,191412.605221893,653291.3711309519
2153.3203125,196055.2566719483,695192.6209208017
2156.011962890625,196208.4460327215,735475.4192013164
2158.70361328125,202445.6380933974,777718.9307129333
2161.395263671875,205338.9282840492,819203.5445378834
2164.0869140625,209068.6175537838,860115.2658184761
2166.778564453125,215598.8380588886,901627.5026033786
2169.47021484375,221648.4898452497,941135.5230833774
2172.161865234375,222758.4885183929,980837.0507220743
2174.853515625,226523.5175806283,1025314.779750071
2177.545166015625,223340.5757297298,1063349.64025338
2180.23681640625,225353.4284389399,1110188.523479476
2182.928466796875,230987.2572749424,1157226.522232364
2185.6201171875,232497.1208529071,1205395.442293504
2188.311767578125,231420.2886755201,1253315.249984825
2191.00341796875,236998.2751154518,1299030.265065914
2193.695068359375,237418.0434446886,1358248.687875656
2196.38671875,247293.7325331623,1405942.341874745
2199.078369140625,252447.7118941009,1461328.786121055
2201.77001953125,257224.6382825346,1509601.730886763
2204.461669921875,261658.332111741,1563148.166577898
2207.1533203125,264157.9343598207,1610661.124804267
2209.844970703125,265758.0645407977,1669677.801514642
2212.53662109375,277802.6455163179,1733778.172091149
2215.228271484375,286041.0963250967,1790447.058009187
2217.919921875,293729.7943902815,1853848.914318683
2220.611572265625,304388.5342564126,1915529.008836363
2223.30322265625,315928.6880849923,1980159.479151045
2225.994873046875,328806.76521935,2032813.427931094
2228.6865234375,322897.5026728383,2104710.358460743
2231.378173828125,334545.0601533562,2172995.004066416
2234.06982421875,340674.2731394054,2247689.327695579
2236.761474609375,348547.6425608248,2321392.127248311
2239.453125,365291.3790457684,2413014.624321876
2242.144775390625,387017.1924256042,2483229.898240044
2244.83642578125,407995.9338431585,2565948.859884232
2247.528076171875,423450.9424682934,2648658.4764895
2250.2197265625,443831.9499140123,2740923.967370317
2252.911376953125,446207.4245767496,2827950.200776883
2255.60302734375,475620.7348016717,2923235.870303307
2258.294677734375,493892.1750008107,3020800.998894217
2260.986328125,525734.5163220089,3116041.167432925
2263.677978515625,545532.4478483767,3227551.175186922
2266.36962890625,584777.8291905693,3335688.582452082
2269.061279296875,607338.2262052516,3451361.304259925
2271.7529296875,647214.446678275,3573995.940218256
2274.444580078125,694788.2047991704,3692612.531800917
2277.13623046875,734276.3504634814,3810175.697688494
2279.827880859375,776559.4811589365,3951998.617529286
2282.51953125,810578.7957410427,4101706.289221238
2285.211181640625,870193.2087161097,4247225.512650205
2287.90283203125,927119.775264241,4403632.214088956
2290.594482421875,985023.6295071332,4571993.259165869
2293.2861328125,1064030.129144552,4743431.964246085
2295.977783203125,1140817.407259378,4944894.908752324
2298.66943359375,1225445.7289793,5147225.795691261
2301.361083984375,1305093.196998328,5334379.610528062
2304.052734375,1419801.611424291,5563363.548742286
2306.744384765625,1512723.645835591,5805084.70297977
2309.43603515625,1645483.794921193,6060190.60193783
2312.127685546875,1805646.108608074,6338852.623129606
2314.8193359375,1972492.107998126,6663820.41074434
2317.510986328125,2158346.875837252,6992641.559674587
2320.20263671875,2378229.562381342,7339387.889115813
2322.894287109375,2648221.186433281,7719796.941956846
2325.5859375,2956935.7996376,8143756.521544591
2328.277587890625,3338321.72082252,8626335.821023392
2330.96923828125,3821789.493789717,9079635.902647641
2333.660888671875,4338304.905592627,9591873.193778384
2336.3525390625,4962078.262700533,10113051.75532728
2339.044189453125,5770578.719227972,10710800.54519484
2341.73583984375,6701605.99070667,11302823.65756196
2344.427490234375,7881874.021378561,11845056.55824323
2347.119140625,9263411.487764779,12419310.05266296
2349.810791015625,11040128.42092002,12827684.57606632
2352.50244140625,13158691.77728427,12961959.63350303
2355.194091796875,15719473.68834426,12826982.50452496
2357.8857421875,18667824.16083039,11926342.59665812
2360.577392578125,21849079.18494309,9819357.125682147
2363.26904296875,24555261.5066117,6556127.848546134
2365.960693359375,26069500.44713975,2180818.223139638
2368.65234375,25879884.33043507,-2577706.412525205
2371.343994140625,24178879.29545662,-6791741.147072853
2374.03564453125,21391685.55634679,-9847670.512611162
2376.727294921875,18389625.09211797,-11665938.15463544
2379.4189453125,15480070.06633921,-12511526.93132213
2382.110595703125,13024586.06444662,-12633846.55900154
2384.80224609375,10954148.65525542,-12459902.44649776
2387.493896484375,9282120.857382374,-12052221.08706804
2390.185546875,7888144.818950541,-11510562.60611656
2392.877197265625,6782031.0920411,-10993617.44553148
2395.56884765625,5869360.281378544,-10449976.17675385
2398.260498046875,5119405.21315191,-9916321.547362505
2400.9521484375,4498413.730960787,-9394847.719490711
2403.643798828125,3913840.196353422,-8903459.320392754
2406.33544921875,3471069.239059673,-8401680.62089476
2409.027099609375,3107434.219761626,-7966771.725815449
2411.71875,2802228.549635835,-7558594.398293222
2414.410400390625,2536900.416962496,-7191218.142051555
2417.10205078125,2298797.356553711,-6867130.269832146
2419.793701171875,2111676.431659801,-6558373.852087631
2422.4853515625,1907344.196198124,-6238387.475556807
2425.177001953125,1782207.968682883,-5978614.251048091
2427.86865234375,1640870.092692971,-5713802.494351905
2430.560302734375,1513341.322645955,-5472556.116717808
2433.251953125,1425969.080971744,-5253110.097986142
2435.943603515625,1330240.85850555,-5047693.078119336
2438.63525390625,1252571.200842026,-4862947.293441448
2441.326904296875,1160735.711353547,-4677246.413436805
2444.0185546875,1089866.934958935,-4495568.129394288
2446.710205078125,1025690.997911769,-4333900.516463349
2449.40185546875,969592.5116284972,-4168370.338802963
2452.093505859375,929562.4253930449,-4029351.367739961
2454.78515625,868495.5476301262,-3884583.878729098
2457.476806640625,831750.463797732,-3743023.431703693
2460.16845703125,795340.6005615373,-3622016.544245027
2462.860107421875,762514.5584079311,-3504085.873868377
2465.5517578125,721156.4567828893,-3399128.792785859
2468.243408203125,693919.4168905322,-3279445.853643057
2470.93505859375,667958.3712219978,-3170884.922874221
2473.626708984375,643474.902811153,-3073086.027453639
2476.318359375,610324.558402123,-2984056.722469138
2479.010009765625,587266.9993762916,-2883123.14906103
2481.70166015625,563610.6085205324,-2803507.991839837
2484.393310546875,541483.5569770414,-2711405.497454782
2487.0849609375,525451.6773542735,-2631292.554197819
2489.776611328125,503315.0698372146,-2550692.858386381
2492.46826171875,483679.9557494484,-2480339.375150621
2495.159912109375,468244.8000179839,-2396939.893689992
2497.8515625,456664.7890704335,-2327794.266098914
2500.543212890625,435408.3135297166,-2251343.260783429
2503.23486328125,418788.3852373631,-2178809.254619933
2505.926513671875,409911.8274923155,-2120047.593924699
2508.6181640625,403984.1949923935,-2047503.675246502
2511.309814453125,386940.594385344,-1978993.313208511
2514.00146484375,373502.5865966049,-1919633.664472482
2516.693115234375,367080.8595697685,-1864223.28547243
2519.384765625,356470.6966472342,-1798328.836268805
2522.076416015625,337127.1847411048,-1745037.592803585
2524.76806640625,336220.3905307048,-1689178.783990955
2527.459716796875,330152.3311093782,-1628657.832510967
2530.1513671875,316776.1757977825,-1567372.847726534
2532.843017578125,316222.4216496743,-1521424.071255988
2535.53466796875,304070.8985173294,-1465425.291453507
2538.226318359375,302447.1630111022,-1419152.394289338
2540.91796875,297682.0406320985,-1365113.711666557
2543.609619140625,286691.1853272736,-1320054.69480067
2546.30126953125,285731.140546713,-1271879.645135897
2548.992919921875,279839.5861005365,-1223801.928760543
2551.6845703125,275833.3198185111,-1179566.624077686
2554.376220703125,276797.4959334044,-1132079.885563637
2557.06787109375,270128.2165198807,-1086617.759541102
2559.759521484375,265345.7843544059,-1044975.321493618
2562.451171875,260556.3048491868,-1000895.136402404
2565.142822265625,257884.3179245915,-961332.2233087386
2567.83447265625,256451.0195093656,-921964.1751699733
2570.526123046875,252178.2308394967,-875472.2516721806
2573.2177734375,246355.7464656783,-836996.1785785038
2575.909423828125,242959.8328209289,-795132.9549110873
2578.60107421875,239835.2668514571,-751617.1913028216
2581.292724609375,237241.0253248404,-711361.1586640897
2583.984375,236596.1158276333,-671547.6869690422
2586.676025390625,232418.4860150972,-631780.4614224613
2589.36767578125,231788.7190058317,-592141.0854093907
2592.059326171875,229419.8384403365,-555752.7768456674
2594.7509765625,230880.5892119615,-517006.347381344
2597.442626953125,227654.3027020968,-477643.9807091798
2600.13427734375,224880.9442443349,-443398.1000856472
2602.825927734375,221393.8655880645,-404073.2655009523
2605.517578125,222670.8244874849,-365397.8047150046
2608.209228515625,219443.6580148291,-329267.4116981793
2610.90087890625,218449.6764200263,-291965.3540906101
2613.592529296875,216018.5589422087,-251666.4617252772
2616.2841796875,217071.1966213881,-214282.8051674473
2618.975830078125,217811.3276216039,-176849.6250785025
2621.66748046875,216559.0162438822,-139534.5638720392
2624.359130859375,219455.9631265668,-102465.3013821216
2627.05078125,218563.6629685395,-68071.05839175978
2629.742431640625,220506.0226743015,-30115.91523341982
2632.43408203125,220738.1606719612,5087.728732951436
2635.125732421875,224827.9377657222,41627.1313978434
2637.8173828125,227381.9991474654,77439.72269469826
2640.509033203125,225248.3730985599,109705.2840631244
2643.20068359375,226897.285216548,146616.8443786043
2645.892333984375,227282.6053763614,183020.0310757517
2648.583984375,227833.6548150227,218782.3493415388
2651.275634765625,228121.7988877567,253424.4026755163
2653.96728515625,228624.0188924008,291556.2707752443
2656.658935546875,230336.3050946814,326756.7020827478
2659.3505859375,232226.9052221414,364034.8645869812
2662.042236328125,232709.9228125783,396963.6169781808
2664.73388671875,234629.4052748614,431306.3376705081
2667.425537109375,231900.3503524468,470129.6398106863
2670.1171875,231312.7156972847,506798.1143271534
2672.808837890625,230671.3965382719,544642.8399673227
2675.50048828125,233687.4745368082,586900.1684572431
2678.192138671875,235259.9418904026,624361.5550443939
2680.8837890625,238269.2970467521,663662.8715464382
2683.575439453125,235429.5408443774,700846.7356745476
2686.26708984375,238572.330873676,742674.8949896103
2688.958740234375,239388.4734027677,785833.4521089477
2691.650390625,237321.9796348264,829279.1179111729
2694.342041015625,243330.7696173938,875067.6583175255
2697.03369140625,249412.4616000134,919360.7278361131
2699.725341796875,254768.5738317535,962516.4222099954
2702.4169921875,261227.3005124318,1001871.553134733
2705.108642578125,264966.1648439411,1047598.313398915
2707.80029296875,268254.3165004258,1086041.852011537
2710.491943359375,272528.435627107,1133361.893646137
2713.18359375,277148.1632654006,1179967.524487815
2715.875244140625,271087.1944079011,1225721.200185387
2718.56689453125,276463.8560945417,1276355.466708239
2721.258544921875,277809.7616401495,1327136.793596987
2723.9501953125,286831.0017343644,1379463.943352409
2726.641845703125,289224.2408111173,1432062.646879183
2729.33349609375,303566.8404667186,1483269.928900476
2732.025146484375,306583.994772697,1540852.528459775
2734.716796875,313866.9234837648,1590234.19797802
2737.408447265625,323598.8385865258,1648489.780045593
2740.10009765625,330118.476383338,1719403.130455622
2742.791748046875,343166.1985854722,1776689.104089725
2745.4833984375,361591.2981375647,1836220.026026116
2748.175048828125,372050.9473736645,1895761.706503003
2750.86669921875,388800.0998342567,1960620.557368163
2753.558349609375,404567.658484116,2014465.519992092
2756.25,413050.7421589147,2079591.798344206
2758.941650390625,423541.281151392,2138798.028566938
2761.63330078125,430183.6988432789,2205604.440536769
2764.324951171875,447644.1314390748,2282807.126935279
2767.0166015625,453745.9243988414,2362501.725275463
2769.708251953125,477163.83037067,2447452.486313137
2772.39990234375,502206.6029847775,2528822.319591975
2775.091552734375,521614.3898851846,2607140.953517795
2777.783203125,545612.1673398092,2690486.866938759
2780.474853515625,566870.8101238438,2782063.985329756
2783.16650390625,597664.7096101542,2862312.337074252
2785.858154296875,622772.0463787094,2961912.614829709
2788.5498046875,651878.4522710332,3059184.420970571
2791.241455078125,685596.558468984,3157616.678298211
2793.93310546875,719429.5343592338,3259517.934590575
2796.624755859375,753819.5901173716,3370420.429607956
2799.31640625,796180.7583746373,3477144.834451401
2802.008056640625,830836.4652365772,3595596.917451438
2804.69970703125,876794.5057697783,3726339.568034072
2807.391357421875,927126.2803612781,3859912.480520157
2810.0830078125,968271.8811746408,3987676.382906914
2812.774658203125,1015512.260400809,4145750.330605942
2815.46630859375,1071052.519277643,4305323.883396178
2818.157958984375,1151638.314919364,4465283.772957761
2820.849609375,1234828.218422628,4655867.602031324
2823.541259765625,1321271.538875994,4838320.910186757
2826.23291015625,1434234.046803916,5024380.794580536
2828.924560546875,1545766.292220355,5223814.667567391
2831.6162109375,1680209.829056906,5439254.079758539
2834.307861328125,1815801.762339402,5658869.457467888
2836.99951171875,1961023.106848988,5907774.302186001
2839.691162109375,2137162.628841567,6167296.208844492
2842.3828125,2327114.332651016,6437431.854959164
2845.074462890625,2573426.184460894,6716514.172277859
2847.76611328125,2810665.788858397,7035505.369037117
2850.457763671875,3117299.987851103,7372562.230078047
2853.1494140625,3472443.424872901,7709092.629247359
2855.841064453125,3863488.763514675,8089599.229800086
2858.53271484375,4328959.816998902,8441827.692783758
2861.224365234375,4881937.623132303,8872806.878272878
2863.916015625,5525715.028814304,9263064.921865381
2866.607666015625,6325293.144267018,9702550.081603849
2869.29931640625,7207799.058271305,10110953.15579945
2871.990966796875,8347627.0540041,10485321.61597403
2874.6826171875,9699110.278346894,10674130.47787123
2877.374267578125,11248798.91890802,10750270.71696234
2880.06591796875,13030539.20749714,10509657.82010675
2882.757568359375,15018384.91173315,9897128.162218334
2885.44921875,17055978.43039551,8687123.237832597
2888.140869140625,18992655.15869359,6817520.002527749
2890.83251953125,20438671.01911042,4484465.583765605
2893.524169921875,21243056.94452398,1450409.252987374
2896.2158203125,21222555.69049231,-1474508.919406496
2898.907470703125,20317092.76351568,-4321467.516408497
2901.59912109375,18805648.89423363,-6746037.383618655
2904.290771484375,16933001.56136174,-8495665.608046295
2906.982421875,14835733.37704869,-9637319.906105746
2909.674072265625,12961027.52251409,-10255078.1194994
2912.36572265625,11211148.33215723,-10443668.30252602
2915.057373046875,9685342.366398385,-10383988.75803187
2917.7490234375,8424243.917897904,-10130612.95285508
2920.440673828125,7360900.127810845,-9767897.544688324
2923.13232421875,6485900.946164547,-9415321.480142329
2925.823974609375,5739052.60515348,-9061527.214223688
2928.515625,5067424.412147792,-8678976.690869227
2931.207275390625,4516853.593754754,-8288352.211577874
2933.89892578125,4042960.62686089,-7916032.740213137
2936.590576171875,3661669.151669718,-7566723.666640814
2939.2822265625,3299202.054557098,-7212452.845298399
2941.973876953125,3025367.835125884,-6921854.445563158
2944.66552734375,2769941.682742649,-6628006.827165506
2947.357177734375,2542573.220309665,-6352032.773510641
2950.048828125,2316988.436437118,-6089066.135671542
2952.740478515625,2149375.761242497,-5839147.201987823
2955.43212890625,1997800.497474272,-5592024.416012078
2958.123779296875,1860174.987012136,-5386615.841954689
2960.8154296875,1731804.339960589,-5189844.103615752
2963.507080078125,1597557.754056121,-5013300.594283458
2966.19873046875,1502304.593821301,-4820568.300830432
2968.890380859375,1401338.664985503,-4645222.752202963
2971.58203125,1316291.018855702,-4462580.258051315
2974.273681640625,1236934.729135818,-4310829.191680247
2976.96533203125,1163919.453632113,-4150649.603964455
2979.656982421875,1108133.930758859,-3996991.435389536
2982.3486328125,1050805.156117677,-3874905.489068094
2985.040283203125,992816.7847831084,-3732707.834536585
2987.73193359375,955612.9379701538,-3619398.485790544
2990.423583984375,907331.0865711389,-3487476.910765675
2993.115234375,876625.6558039177,-3394972.706526414
2995.806884765625,843622.7306736163,-3277674.12046745
2998.49853515625,796444.1670370164,-3177957.206798826
3001.190185546875,759988.6482968944,-3071837.825149128
3003.8818359375,732383.901287339,-2984208.985821968
3006.573486328125,700337.9020083924,-2883707.801821085
3009.26513671875,674303.7214360143,-2790349.415345027
3011.956787109375,655372.8882898964,-2709371.029520005
3014.6484375,616730.8964486386,-2616105.973519968
3017.340087890625,603362.3636210744,-2542717.190190467
3020.03173828125,581591.2266007828,-2465878.558665977
3022.723388671875,563169.5619390071,-2382416.675470644
3025.4150390625,543048.92006314,-2303786.02174382
3028.106689453125,540302.5049734521,-2242480.725180775
3030.79833984375,525112.1865938917,-2172944.486431433
3033.489990234375,509057.1093717773,-2119886.004767372
3036.181640625,493328.655065856,-2046188.395308541
3038.873291015625,471706.9849007139,-1980144.520771575
3041.56494140625,466946.9649344117,-1927052.728752188
3044.256591796875,444454.1312474716,-1870001.95021683
3046.9482421875,437299.3455719388,-1812491.095104434
3049.639892578125,425856.4230558185,-1742592.75697307
3052.33154296875,416654.2707797068,-1687419.352009019
3055.023193359375,412244.1309749733,-1636934.960605
3057.71484375,399276.3546095742,-1581869.316962415
3060.406494140625,396764.0716565843,-1528549.663960045
3063.09814453125,377765.4369719755,-1476233.721999401
3065.789794921875,372221.8023100562,-1429644.204772457
3068.4814453125,364813.1059007663,-1380994.370478186
3071.173095703125,359687.4369819315,-1331207.74602933
3073.86474609375,354188.3405188412,-1281905.609593771
3076.556396484375,341935.4364165635,-1238395.643117647
3079.248046875,341045.4689087686,-1187871.180336129
3081.939697265625,332306.3662179547,-1140140.381212923
3084.63134765625,325017.3803544966,-1092888.299805476
3087.322998046875,319704.9571513405,-1051038.873957654
3090.0146484375,317353.4887660665,-1008263.118576229
3092.706298828125,308269.5199040321,-968926.6276337602
3095.39794921875,306370.1525417299,-924253.5999734014
3098.089599609375,299346.3772472286,-879734.354947543
3100.78125,297499.5470382454,-838793.0286628311
3103.472900390625,290698.4463790305,-797447.0842929212
3106.16455078125,289208.2240830784,-754493.73560021
3108.856201171875,287193.9974184237,-715598.1622959977
3111.5478515625,284738.6086465605,-674255.1293506295
3114.239501953125,282592.9843426357,-634528.2458528865
3116.93115234375,278036.3941107406,-594717.9095055866
3119.622802734375,276693.0131967053,-556791.7101405603
3122.314453125,273919.9267554061,-518935.8237990162
3125.006103515625,272019.1277773554,-478789.2706010218
3127.69775390625,269266.3323212079,-441448.4005482435
3130.389404296875,268017.9924918454,-404593.1352704067
3133.0810546875,269822.3336417147,-369348.4605973551
3135.772705078125,267075.2088694033,-330667.8285022891
3138.46435546875,265689.4928944025,-292975.7851649189
3141.156005859375,263924.9958442326,-258328.6415288473
3143.84765625,264220.8220878668,-219536.8326722533
3146.539306640625,260195.6257744383,-184000.4842811239
3149.23095703125,258710.9324856209,-148954.7698249311
3151.922607421875,258622.4294440529,-112319.6030413895
3154.6142578125,256981.4254185653,-75129.12037856856
3157.305908203125,257541.8318206177,-39843.7865499656
3159.99755859375,253841.0194637314,-3543.822105695274
3162.689208984375,255236.3578939603,34968.3373200667
3165.380859375,255405.9750501475,71941.9319824011
3168.072509765625,254422.5288429601,109527.138275136
3170.76416015625,253811.3235702109,147621.3991393679
3173.455810546875,256231.0118813354,182734.9125305217
3176.1474609375,255384.5987013811,220938.4073448137
3178.839111328125,255316.6484570589,256885.5151130465
3181.53076171875,258510.2492528421,295804.0161704228
3184.222412109375,260218.8706663922,335160.0194137225
3186.9140625,262767.0487556171,369575.6884145067
3189.605712890625,265550.9498903524,405078.2612795013
3192.29736328125,266257.8730946663,444651.0685729626
3194.989013671875,265688.3880539697,481532.6666837981
3197.6806640625,273036.9454523972,520739.1455121568
3200.372314453125,273938.6950770933,555962.3110888195
3203.06396484375,280173.6600271192,593880.6713964219
3205.755615234375,283813.4206427204,631979.6423657858
3208.447265625,281565.5834207661,671103.4740987587
3211.138916015625,283245.2694402733,708302.7387490198
3213.83056640625,281286.2453060898,745382.9966762033
3216.522216796875,285731.4803315528,787644.6319603982
3219.2138671875,288113.8544818082,826557.0878561214
3221.905517578125,286659.6723815007,869132.7742513821
3224.59716796875,291502.8019899333,919060.2524229992
3227.288818359375,297084.779946276,958696.0425784644
3229.98046875,299225.4352271595,1005423.676426339
3232.672119140625,305370.9654062269,1047370.036479192
3235.36376953125,311566.1297202881,1093363.654317562
3238.055419921875,320038.9106036062,1133231.225082836
3240.7470703125,319831.5554276921,1173752.029207631
3243.438720703125,324529.073010901,1228651.253838638
3246.13037109375,337293.1797799225,1269330.444853685
3248.822021484375,334825.8860705419,1324639.854841433
3251.513671875,347352.9231383075,1371852.682299711
3254.205322265625,361375.734672013,1422292.304076757
3256.89697265625,365780.4232481067,1472680.574502387
3259.588623046875,378944.378542832,1524143.977112364
3262.2802734375,381459.3857313388,1574045.432210303
3264.971923828125,387747.8483581829,1621613.628131567
3267.66357421875,390552.1890681266,1678972.441186188
3270.355224609375,409741.1140213172,1741158.993724796
3273.046875,419899.6729668155,1807915.97632884
3275.738525390625,425119.6972367584,1849072.470348482
3278.43017578125,455047.311614347,1919731.416552508
3281.121826171875,459756.0991363203,1975452.9278243
3283.8134765625,478068.1945809889,2040258.618405999
3286.505126953125,489311.9389889881,2087549.898629883
3289.19677734375,499506.0816262069,2169265.682210291
3291.888427734375,515629.5729418585,2238008.27581837
3294.580078125,527485.5495007761,2301900.14304914
3297.271728515625,544575.6304312015,2376550.560191518
3299.96337890625,563654.9188688217,2453609.304483691
3302.655029296875,574082.7224657006,2538783.67203525
3305.3466796875,589036.6302052161,2614442.625192013
3308.038330078125,620895.7647403539,2720049.734226651
3310.72998046875,644304.8843312905,2799206.343468737
3313.421630859375,680660.9768404217,2897502.966305193
3316.11328125,706990.6263664125,2997349.622858927
3318.804931640625,760747.4836758071,3097709.531960401
3321.49658203125,801666.2666408288,3202968.328843712
3324.188232421875,843096.1643674694,3296658.903984091
3326.8798828125,882060.6905546422,3403920.371040924
3329.571533203125,914767.1684995005,3516957.718818468
3332.26318359375,965812.8342595628,3621733.02686523
3334.954833984375,1024363.832221102,3754911.383353945
3337.646484375,1071251.10094849,3900369.074941858
3340.338134765625,1141625.579002876,4038667.971458987
3343.02978515625,1214490.475110543,4184122.769531955
3345.721435546875,1286704.518607382,4343550.264096459
3348.4130859375,1385862.078704848,4503797.872659625
3351.104736328125,1501664.205676386,4669147.541559829
3353.79638671875,1604696.739161072,4870701.899086819
3356.488037109375,1710224.069111264,5054295.904107243
3359.1796875,1855238.257410012,5269995.499640249
3361.871337890625,2020528.174379317,5464648.015465075
3364.56298828125,2183418.090749162,5697542.126099383
3367.254638671875,2370195.714355926,5927277.119402204
3369.9462890625,2592224.768756398,6174292.322521581
3372.637939453125,2860557.420374244,6427709.616929604
3375.32958984375,3177144.431537711,6702769.901772877
3378.021240234375,3473061.156400391,6959338.597527971
3380.712890625,3841603.997985363,7248088.010687034
3383.404541015625,4310750.395723418,7523363.76167132
3386.09619140625,4833164.423313235,7825295.282310897
3388.787841796875,5379901.207638746,8069484.549137731
3391.4794921875,6047352.629835092,8332594.800858627
3394.171142578125,6820467.776442072,8599619.657366179
3396.86279296875,7633621.766393719,8751925.197348366
3399.554443359375,8685154.70163659,8839021.629617134
3402.24609375,9813720.759002216,8788402.308638811
3404.937744140625,11144264.06018134,8595983.943965765
3407.62939453125,12472306.17200074,8146980.072372559
3410.321044921875,13927984.32407934,7323772.555530018
3413.0126953125,15192212.73115825,6221347.318677064
3415.704345703125,16366058.35541175,4766219.286985998
3418.39599609375,17379463.54880398,2886321.148048127
3421.087646484375,17769469.49499033,649873.0810648364
3423.779296875,17542576.40713142,-1488039.781828898
3426.470947265625,16801568.30394354,-3496424.106813496
3429.16259765625,15903208.89483576,-5115944.409043133
3431.854248046875,14606265.84286186,-6418035.664868218
3434.5458984375,13203672.28582454,-7366697.80964198
3437.237548828125,11839648.62521559,-8030450.917028653
3439.92919921875,10623896.9830449,-8374011.873037071
3442.620849609375,9439724.844965413,-8483388.00624422
3445.3125,8433546.085978927,-8480797.560571579
3448.004150390625,7538420.782883942,-8375680.205836876
3450.69580078125,6726182.829947894,-8238111.532944072
3453.387451171875,5987424.173076741,-8045332.316138316
3456.0791015625,5375194.213655697,-7815692.623543718
3458.770751953125,4808658.956292247,-7527945.154904279
3461.46240234375,4336445.55623051,-7246352.518291649
3464.154052734375,3914651.315194217,-6999033.548704709
3466.845703125,3576218.493950995,-6704233.648913667
3469.537353515625,3256691.203070642,-6461378.531245518
3472.22900390625,2995409.747051307,-6202406.635299757
3474.920654296875,2756899.748546726,-5971414.316909371
3477.6123046875,2546574.51614183,-5754698.774784056
3480.303955078125,2349942.345388265,-5545476.471541652
3482.99560546875,2181679.047473492,-5343394.72924244
3485.687255859375,2018647.557520996,-5134836.722784574
3488.37890625,1888055.408000333,-4952810.225974237
3491.070556640625,1774689.420138568,-4764229.04431079
3493.76220703125,1660321.936423053,-4609310.521191905
3496.453857421875,1574894.608018101,-4443638.306154076
3499.1455078125,1478402.045927348,-4303147.887187128
3501.837158203125,1397286.883819265,-4164299.955779485
3504.52880859375,1316343.015952147,-4027027.709396081
3507.220458984375,1238979.236981956,-3892715.83292567
3509.912109375,1177505.857599686,-3762854.899954394
3512.603759765625,1117585.314109692,-3641728.495873585
3515.29541015625,1063529.734057125,-3519651.423746845
3517.987060546875,1019222.096067498,-3403729.376817775
3520.6787109375,977872.6525172434,-3292245.718455671
3523.370361328125,943491.7507301742,-3191929.574516281
3526.06201171875,906308.6839491816,-3093501.862127992
3528.753662109375,868137.3011794989,-2994244.193482752
3531.4453125,840037.5103663167,-2909218.820586099
3534.136962890625,812086.9492171545,-2828864.89891454
3536.82861328125,782144.0312245076,-2744990.16993189
3539.520263671875,754767.0167553405,-2662790.098338828
3542.2119140625,734474.1334601217,-2586745.012983725
3544.903564453125,705393.7270383817,-2510393.612703337
3547.59521484375,685712.4193841374,-2442991.736830949
3550.286865234375,662886.2150109567,-2369535.349797074
3552.978515625,642433.2334224178,-2298929.003854358
3555.670166015625,620727.8154444356,-2235450.333395139
3558.36181640625,600091.4446864969,-2165973.085442289
3561.053466796875,587743.0685210457,-2101562.868882859
3563.7451171875,569996.5436380527,-2036746.791452348
3566.436767578125,553509.8141641365,-1980427.912024685
3569.12841796875,537723.8259079534,-1917188.049245734
3571.820068359375,525073.8161503506,-1854090.284036316
3574.51171875,515610.7065702536,-1798265.047936244
3577.203369140625,498421.0378578342,-1740982.480125349
3579.89501953125,487995.1712047176,-1688203.787015065
3582.586669921875,475027.824713768,-1631370.625098232
3585.2783203125,465066.9914194618,-1583219.156127555
3587.969970703125,456473.4364498573,-1531747.184341226
3590.66162109375,445721.8816593992,-1479932.302570529
3593.353271484375,431439.4004666319,-1432095.340259515
3596.044921875,421754.55314749,-1376760.66004809
3598.736572265625,411511.762602968,-1326014.289549887
3601.42822265625,406323.2419980695,-1276533.51305214
3604.119873046875,401194.138289085,-1228702.942420075
3606.8115234375,396985.408227079,-1184301.42287977
3609.503173828125,388644.1859960515,-1139054.01302282
3612.19482421875,380032.4868368455,-1095102.463221935
3614.886474609375,373098.3946753495,-1048570.862759388
3617.578125,368059.734524779,-1007119.482947436
3620.269775390625,361921.4287612634,-960757.3913918834
3622.96142578125,353769.9914773952,-918652.3821885058
3625.653076171875,352123.2021416948,-874009.1987116326
3628.3447265625,348559.1955258467,-830631.0938995316
3631.036376953125,344266.20173373,-788764.2800650509
3633.72802734375,342697.3374292559,-750936.5503474444
3636.419677734375,337385.4462254442,-708381.8053310502
3639.111328125,334146.6707330472,-668819.1081521082
3641.802978515625,331479.7210157474,-628981.3315689447
3644.49462890625,326808.2257790336,-589082.5066699084
3647.186279296875,323053.0000758261,-551329.7406184844
3649.8779296875,319067.0632587171,-512359.0573020653
3652.569580078125,316341.3591813617,-474268.2620338694
3655.26123046875,313922.6984482783,-433642.7518395018
3657.952880859375,311269.6567203889,-397491.5454000687
3660.64453125,311264.5642175408,-355656.6616930467
3663.336181640625,310132.2665068175,-319637.0839645102
3666.02783203125,308532.1916519731,-279944.38686158
3668.719482421875,307494.4634607554,-242931.6580443686
3671.4111328125,309335.4099671323,-212255.4400798132
3674.102783203125,304087.4885908491,-174507.1022486221
3676.79443359375,302686.2875820766,-140974.2585713261
3679.486083984375,300692.0187042729,-103510.4223057591
3682.177734375,297587.9634805598,-65546.53531452136
3684.869384765625,293000.1640160193,-29304.3839677593
3687.56103515625,293247.3152758013,13464.49627019281
3690.252685546875,291355.6887512932,49671.80647460433
3692.9443359375,291822.4367822858,90552.00769911519
3695.635986328125,295459.1699044741,128426.6819534786
3698.32763671875,298541.6655506539,166963.7335250943
3701.019287109375,300033.8632842992,199990.273440996
3703.7109375,296357.2933627396,234937.8978806539
3706.402587890625,295415.0459553938,273644.0969739573
3709.09423828125,296047.4381614691,314980.5040347702
3711.785888671875,299663.3422367375,351948.412855227
3714.4775390625,303348.8496953009,393335.1639655383
3717.169189453125,304110.4353048451,427697.2239364301
3719.86083984375,306681.2409445548,465732.1421076689
3722.552490234375,312983.9619132068,508085.603642067
3725.244140625,310593.0623943741,539664.6461125637
3727.935791015625,314987.2461479066,586283.7604073052
3730.62744140625,316279.5309878541,617045.3000481703
3733.319091796875,318259.7816408824,660891.9562011847
3736.0107421875,323535.2610128399,699270.4485641876
3738.702392578125,326765.8381527041,748947.3969841651
3741.39404296875,335104.1371677486,785906.8971190122
3744.085693359375,339836.0594529488,826965.2755615672
3746.77734375,342830.0521383381,871669.4688922279
3749.468994140625,354569.5891109206,912617.9570472233
3752.16064453125,352823.4903996418,954580.336364151
3754.852294921875,375612.1697880537,995524.7128234494
3757.5439453125,375755.4730494822,1035307.278357909
3760.235595703125,384959.7109309733,1072884.429075403
3762.92724609375,397793.9413075063,1109829.050414436
3765.618896484375,404851.7895511041,1156634.40861929
3768.310546875,413316.8500914754,1192990.667729372
3771.002197265625,418307.8521832207,1231546.90593971
3773.69384765625,423495.4230400001,1281157.075252614
3776.385498046875,421793.7786025779,1323900.727812613
3779.0771484375,417439.7061495609,1371223.473588633
3781.768798828125,432822.006078694,1417464.139645805
3784.46044921875,432306.3295579631,1463373.317947135
3787.152099609375,440980.7577006017,1530970.413925386
3789.84375,454047.4890257235,1581891.463480168
3792.535400390625,471882.1624813609,1623570.221221281
3795.22705078125,479055.1371798204,1700354.259703048
3797.918701171875,499382.742792262,1752354.76843105
3800.6103515625,502086.864785985,1795954.734604553
3803.302001953125,516886.351406183,1863774.167109985
3805.99365234375,548687.2570325554,1920254.667788428
3808.685302734375,558078.7972867107,1961279.727068595
3811.376953125,565520.6263268578,2028821.885807517
3814.068603515625,577725.8075098644,2098891.788031378
3816.76025390625,580623.1149522058,2174492.48022086
3819.451904296875,621345.1924574501,2244992.289273821
3822.1435546875,637856.7835395101,2312989.577307009
3824.835205078125,663226.8844560032,2392915.349635754
3827.52685546875,680192.5753827065,2472091.253277248
3830.218505859375,713483.7208818701,2528051.501016364
3832.91015625,751086.8253968969,2617927.289851456
3835.601806640625,781697.9181957695,2697532.042312104
3838.29345703125,804005.4873293204,2792749.499817758
3840.985107421875,854825.8314445006,2873953.509001846
3843.6767578125,893597.4209787749,2978110.178119207
3846.368408203125,932116.3686009045,3072321.879862829
3849.06005859375,985406.593342404,3168256.035484403
3851.751708984375,1033667.423103605,3245343.536327322
3854.443359375,1088137.841331876,3344097.496536968
3857.135009765625,1140697.562742854,3458168.429772171
3859.82666015625,1201822.289058467,3560746.428497436
3862.518310546875,1260631.414316973,3671756.736645789
3865.2099609375,1329780.68888052,3796326.231654383
3867.901611328125,1389155.628265143,3902499.427562898
3870.59326171875,1468524.30165069,4047272.031975732
3873.284912109375,1552270.827619613,4183951.164221119
3875.9765625,1631551.439892008,4338417.742044643
3878.668212890625,1739722.722112639,4496395.097806606
3881.35986328125,1888076.910471676,4665995.118117361
3884.051513671875,2031877.27971123,4815297.123761278
3886.7431640625,2186771.575820032,5010854.765722356
3889.434814453125,2377478.610623814,5152542.655907267
3892.12646484375,2519936.884428921,5325905.602704618
3894.818115234375,2754771.581246598,5476537.803793191
3897.509765625,2943749.834782341,5664192.809146315
3900.201416015625,3195757.108533654,5833709.104252188
3902.89306640625,3463320.803082373,6053225.125606911
3905.584716796875,3754625.121354855,6239006.746915252
3908.2763671875,4069744.728508621,6438535.742156475
3910.968017578125,4463909.034300663,6641431.069229532
3913.65966796875,4851300.7193718,6924251.522833514
3916.351318359375,5327005.667231022,7121374.938318916
3919.04296875,5956188.351974558,7367347.432875942
3921.734619140625,6629490.899464739,7558584.337093436
3924.42626953125,7451126.885401621,7609465.720445085
3927.117919921875,8337905.228120431,7609993.465088807
3929.8095703125,9272623.071341112,7506750.532882503
3932.501220703125,10351676.13690615,7184352.413553815
3935.19287109375,11372138.40952843,6656269.14558873
3937.884521484375,12330749.77774744,5906562.144008622
3940.576171875,13276549.08402565,4961784.406603974
3943.267822265625,14036056.49453947,3863826.822893184
3945.95947265625,14629957.84207372,2567139.152279235
3948.651123046875,14978291.70886106,1011243.613056681
3951.3427734375,15125986.84908286,-539788.4489404676
3954.034423828125,14682060.35188239,-1981086.190719385
3956.72607421875,14206124.20897775,-3397444.911951375
3959.417724609375,13448110.37413866,-4559422.915593811
3962.109375,12505169.09580549,-5449388.137443466
3964.801025390625,11541094.69378065,-6179563.109543846
3967.49267578125,10533456.42180287,-6679934.82394751
3970.184326171875,9562543.539554738,-7095040.424059841
3972.8759765625,8624958.848750848,-7190250.205616638
3975.567626953125,7770745.934892791,-7240296.700964735
3978.25927734375,7043568.276917476,-7185513.728034669
3980.950927734375,6401148.862850687,-7095985.162373379
3983.642578125,5855094.863109907,-6981987.521642058
3986.334228515625,5308526.306872478,-6844416.528071764
3989.02587890625,4836122.012067541,-6665868.187564422
3991.717529296875,4427752.923749411,-6466779.635095445
3994.4091796875,4066329.071333387,-6279494.497599136
3997.100830078125,3731389.777349216,-6087028.575904395
3999.79248046875,3426849.716489902,-5903526.788480014
4002.484130859375,3165418.294486654,-5707608.863724686
